Year,Month,Commodity,Country,Currency,Price
2006,4,Corn,USA,USD,159.2192994828593
2017,1,Soybeans,China,CNY,179.98528197597807
2013,8,Corn,China,BRL,270.87300035818396
2000,9,Rice,China,USD,98.83228822674394
2022,10,Soybeans,USA,INR,319.12113388605417
2009,5,Soybeans,USA,CNY,381.1643745126876
2005,6,Rice,USA,USD,224.13273339337385
2021,1,Soybeans,China,BRL,197.783893430654
2013,9,Corn,USA,BRL,496.13118720511477
2001,10,Soybeans,India,INR,57.04600586175997
2014,12,Corn,China,INR,294.35268200616406
2000,3,Wheat,USA,CNY,479.2942381862563
2006,2,Rice,India,USD,313.6835717752699
2015,5,Wheat,India,BRL,158.68806755995712
2010,2,Wheat,China,INR,154.79366905952446
2021,9,Wheat,China,BRL,249.06138388898273
2001,4,Soybeans,China,CNY,264.73975554874
2018,8,Corn,China,INR,422.8043295591857
2021,9,Wheat,Brazil,CNY,468.6936446879455
2012,5,Soybeans,India,CNY,389.6250522281109
2005,1,Soybeans,China,BRL,107.70744136956999
2016,3,Rice,USA,INR,98.64073825135031
2002,9,Corn,China,BRL,463.41170991113773
2020,7,Wheat,China,BRL,146.27704793930138
2003,7,Soybeans,China,USD,323.62700573551126
2005,11,Corn,China,BRL,341.89087692154
2007,10,Wheat,India,INR,396.81384540566194
2004,9,Soybeans,Brazil,BRL,194.43143523040516
2001,4,Soybeans,China,BRL,346.9104310069089
2013,1,Corn,Brazil,USD,58.69722998410428
2003,11,Soybeans,USA,INR,95.20427249337719
2017,9,Corn,USA,CNY,288.7633694222794
2000,7,Rice,USA,CNY,257.87057971607703
2012,5,Corn,China,USD,460.8753718654109
2001,11,Rice,India,BRL,424.25876935336646
2000,9,Rice,India,USD,79.95067334794332
2008,6,Corn,USA,INR,140.99279421200953
2003,12,Corn,China,BRL,492.9169227281926
2009,3,Wheat,India,BRL,205.22966014109144
2008,5,Rice,China,INR,468.61444887520025
2006,2,Rice,Brazil,USD,240.73413089830288
2008,9,Corn,USA,BRL,153.78928460579226
2018,10,Rice,China,INR,190.88172779176517
2012,1,Corn,Brazil,USD,376.80765538171266
2018,3,Rice,USA,USD,169.5941983102993
2000,7,Rice,China,CNY,284.62156233097016
2006,7,Soybeans,USA,USD,75.85489847009143
2004,10,Wheat,China,CNY,441.26113395081086
2023,4,Soybeans,USA,BRL,251.15282909175136
2023,8,Wheat,China,INR,332.7844363589248
2006,7,Corn,Brazil,BRL,327.65944884557774
2019,2,Rice,India,CNY,361.88054859654164
2006,2,Rice,Brazil,INR,56.11364564937664
2020,6,Corn,USA,CNY,82.63427028013129
2018,3,Soybeans,China,USD,172.23582403992953
2008,5,Rice,USA,BRL,436.04935683816313
2019,1,Soybeans,USA,BRL,464.8366548583128
2007,1,Wheat,USA,BRL,323.3819616399604
2000,9,Soybeans,Brazil,BRL,220.26576936082662
2000,7,Corn,USA,BRL,131.6474247913706
2009,3,Soybeans,USA,INR,253.73034196320845
2017,3,Corn,China,INR,481.00885640351686
2011,12,Soybeans,India,INR,117.26748548346497
2001,2,Wheat,India,CNY,146.75057314187234
2011,6,Rice,India,BRL,221.06112355974957
2013,2,Corn,Brazil,USD,305.33093819351524
2002,4,Wheat,Brazil,CNY,175.94333099577932
2008,10,Corn,USA,USD,287.2553771172423
2010,4,Wheat,China,CNY,269.2108085117564
2003,5,Wheat,India,USD,408.68242341095896
2006,1,Rice,USA,USD,221.76841167031154
2000,6,Wheat,Brazil,USD,433.9337668314076
2015,1,Soybeans,USA,INR,118.25701456452406
2003,11,Wheat,Brazil,CNY,149.2032764505833
2019,11,Rice,China,INR,428.8434074607887
2004,4,Soybeans,China,INR,484.4640699190298
2014,4,Corn,India,CNY,409.66453030695385
2019,3,Wheat,India,INR,481.8775562744057
2019,6,Rice,USA,INR,88.92580322892468
2022,9,Rice,Brazil,INR,181.13222167120387
2011,10,Corn,Brazil,BRL,229.47939801466296
2009,9,Soybeans,USA,BRL,67.46941486148805
2000,8,Rice,USA,INR,386.37351048419475
2013,8,Rice,USA,USD,215.66917516077459
2017,1,Soybeans,USA,INR,232.33830298449064
2016,4,Corn,USA,BRL,460.34686508636497
2002,6,Rice,China,CNY,172.70559537502015
2000,9,Corn,India,CNY,499.6651052433601
2002,1,Wheat,Brazil,CNY,54.89113682733793
2022,11,Soybeans,Brazil,CNY,330.2445748187263
2015,6,Soybeans,USA,USD,401.1251929806549
2009,9,Wheat,India,INR,76.18383977317706
2004,10,Corn,India,BRL,427.6901540164529
2010,3,Rice,Brazil,INR,411.6016298987836
2023,2,Wheat,Brazil,CNY,258.4956405224907
2020,2,Soybeans,Brazil,USD,134.59358535955528
2016,4,Wheat,Brazil,INR,318.5910789788248
2005,6,Corn,China,USD,432.28129898825415
2012,3,Wheat,China,USD,202.33948954330305
2020,2,Wheat,India,BRL,98.76545547656468
2006,11,Soybeans,Brazil,BRL,310.2337597815481
2020,3,Rice,India,CNY,125.07595416832487
2021,2,Soybeans,India,CNY,387.0274393938016
2012,3,Rice,China,USD,448.6240437969092
2008,1,Corn,USA,BRL,152.5212366200601
2010,3,Soybeans,China,BRL,321.19075551810977
2008,6,Wheat,India,CNY,486.40588298978287
2016,7,Corn,India,BRL,477.0507860818512
2005,4,Wheat,China,CNY,148.61109640687272
2004,2,Rice,Brazil,USD,301.1372150630902
2001,12,Corn,China,BRL,288.1090343556836
2007,5,Corn,India,INR,50.35753190162743
2017,9,Wheat,USA,USD,281.4069216232044
2004,5,Soybeans,China,BRL,184.37311279297617
2022,1,Soybeans,India,INR,235.20549015759974
2015,11,Soybeans,USA,INR,328.0685135406243
2021,12,Rice,India,CNY,401.82422576196456
2015,3,Corn,Brazil,INR,245.45802602316888
2002,9,Rice,USA,CNY,53.206633882594886
2004,8,Corn,India,USD,255.88497398155496
2009,8,Corn,China,BRL,221.12491734397236
2015,11,Wheat,India,CNY,478.9960766459385
2004,3,Corn,Brazil,BRL,322.99304160778115
2000,6,Rice,China,USD,377.25878338103416
2002,4,Rice,India,USD,394.0278764665224
2020,9,Corn,USA,USD,396.03630140292506
2019,5,Soybeans,India,INR,318.02037761782674
2002,7,Soybeans,India,INR,280.26558048944577
2003,4,Rice,India,USD,211.1302626993867
2019,1,Corn,USA,CNY,436.9735288144078
2007,1,Rice,China,INR,424.2599623412766
2001,2,Wheat,Brazil,BRL,55.42998899782998
2009,3,Soybeans,China,USD,347.122337564441
2004,12,Wheat,USA,INR,284.6129055087668
2004,2,Rice,USA,INR,71.56150596548588
2010,6,Wheat,India,CNY,274.55677179814165
2011,4,Corn,USA,USD,260.94232313404757
2022,1,Rice,China,USD,473.0106620680392
2018,3,Wheat,India,CNY,206.0861324687973
2000,11,Soybeans,India,INR,203.45583237679116
2003,7,Corn,USA,CNY,147.93067948146856
2021,3,Corn,China,INR,360.3967033360376
2015,4,Rice,India,USD,57.60143505430217
2002,5,Wheat,USA,USD,52.15598676928636
2010,7,Corn,China,BRL,183.54390635054068
2022,10,Soybeans,India,INR,315.98705565376025
2000,4,Wheat,India,CNY,333.27929285637146
2007,8,Rice,USA,USD,147.32051880806029
2022,6,Soybeans,China,CNY,342.84257220466054
2001,6,Corn,India,BRL,494.6052984775513
2011,2,Soybeans,China,BRL,125.42231997721902
2008,2,Soybeans,USA,BRL,108.67588861937614
2002,5,Rice,USA,USD,453.19337323847947
2017,5,Corn,USA,INR,222.06078452278234
2023,9,Wheat,USA,BRL,427.06879889219215
2019,3,Wheat,India,USD,382.55459128806797
2017,4,Corn,India,CNY,375.78743733707546
2010,4,Wheat,China,INR,182.70451191086113
2010,5,Corn,China,BRL,499.69277554672874
2006,7,Rice,USA,BRL,194.20772481097933
2011,11,Rice,India,BRL,431.62871390993905
2007,11,Rice,China,CNY,269.60730962993307
2012,5,Rice,Brazil,USD,380.9724171682676
2011,10,Soybeans,USA,BRL,337.2413612962437
2017,4,Corn,USA,USD,163.33461340465598
2000,7,Corn,USA,USD,177.58120770638132
2004,11,Corn,Brazil,USD,344.2102651309165
2005,4,Rice,USA,CNY,400.6939530603024
2009,11,Rice,China,CNY,100.32264324168554
2020,7,Wheat,USA,INR,488.6172814405
2022,2,Corn,China,BRL,118.73310784278974
2007,10,Soybeans,USA,CNY,411.9120796554402
2022,12,Rice,India,INR,307.73705114985216
2023,3,Rice,India,USD,281.9341240578665
2005,12,Corn,USA,CNY,70.46833451586261
2013,2,Soybeans,India,USD,477.54457135076757
2000,4,Rice,Brazil,CNY,467.11644662938954
2006,12,Corn,USA,BRL,64.90626800226231
2022,11,Soybeans,Brazil,CNY,302.20232968764344
2007,7,Corn,Brazil,CNY,386.8462150227333
2011,5,Soybeans,USA,INR,372.95648227889444
2010,6,Soybeans,Brazil,CNY,106.02603532475311
2017,1,Soybeans,China,INR,298.7204508162271
2004,10,Wheat,China,BRL,231.96706142969268
2012,4,Soybeans,Brazil,BRL,341.92970103126515
2016,9,Rice,India,USD,98.31626047253107
2001,8,Corn,Brazil,CNY,402.6426500411568
2015,2,Corn,China,CNY,182.25575708162256
2000,2,Corn,USA,INR,358.4284700190336
2012,1,Rice,Brazil,USD,334.3858912710599
2000,3,Soybeans,Brazil,INR,92.60267358280325
2020,10,Rice,India,CNY,493.0194104569757
2016,5,Wheat,India,CNY,269.6694507008446
2004,7,Wheat,USA,USD,301.9073348649181
2022,11,Soybeans,India,USD,200.09768343204271
2022,6,Soybeans,India,USD,239.7885931549992
2018,10,Wheat,USA,USD,118.55413492432298
2011,6,Soybeans,Brazil,BRL,351.40819354019663
2006,11,Rice,India,INR,393.33453578078553
2007,6,Wheat,Brazil,BRL,361.40240766272854
2016,12,Soybeans,China,CNY,98.27761530975178
2014,9,Corn,India,INR,356.3973517055842
2007,6,Rice,India,CNY,59.37871427501612
2013,9,Wheat,USA,CNY,379.4230649521717
2010,9,Rice,China,BRL,197.93775108055385
2002,5,Soybeans,China,CNY,99.33905864035322
2003,12,Corn,China,BRL,474.70623184027744
2018,6,Wheat,India,USD,315.0364311779854
2005,2,Rice,Brazil,CNY,108.206154213634
2011,6,Soybeans,USA,USD,387.56664376260466
2018,9,Wheat,USA,BRL,97.71026470743912
2000,6,Corn,China,BRL,395.7539533002172
2010,12,Rice,USA,USD,421.2837461674234
2009,3,Corn,Brazil,BRL,356.93438251213587
2014,12,Soybeans,Brazil,INR,148.76195061137298
2005,6,Wheat,Brazil,USD,217.45884044081518
2014,7,Soybeans,India,BRL,345.6110661374425
2004,6,Soybeans,Brazil,CNY,351.59581543892966
2014,4,Soybeans,USA,INR,353.0497700898183
2014,2,Soybeans,Brazil,BRL,446.3809773995584
2006,11,Wheat,Brazil,CNY,109.60147882205442
2004,9,Wheat,China,USD,213.17488819182327
2020,9,Corn,China,BRL,207.2812745833303
2012,9,Rice,China,CNY,135.77920747934297
2006,6,Soybeans,USA,USD,299.2318213798852
2011,5,Rice,USA,INR,173.80291869645123
2020,10,Wheat,USA,CNY,53.00057944562965
2015,2,Wheat,Brazil,BRL,386.79244322028677
2009,10,Rice,China,INR,435.51225098595233
2007,8,Corn,Brazil,USD,228.83668046426956
2021,5,Corn,USA,BRL,301.4076237047503
2021,5,Rice,Brazil,BRL,94.0936639407846
2023,8,Soybeans,India,INR,380.78408167770544
2010,7,Rice,Brazil,CNY,178.7847328930068
2000,8,Rice,Brazil,CNY,201.5678551901079
2010,7,Rice,USA,USD,128.48907546660038
2005,11,Wheat,China,BRL,69.57231235670652
2012,8,Rice,USA,BRL,337.99218384315265
2019,2,Corn,China,CNY,185.57820369328485
2022,8,Rice,India,BRL,351.93098994260225
2004,2,Soybeans,China,CNY,58.49480050399748
2018,3,Rice,China,INR,172.41051956419005
2004,1,Soybeans,Brazil,USD,299.9672348770458
2010,6,Wheat,India,INR,476.8522868826027
2022,9,Wheat,India,BRL,438.46754602382345
2015,11,Soybeans,USA,INR,337.03463916872823
2016,12,Wheat,India,BRL,293.90837565114657
2008,6,Corn,China,BRL,232.44813292372925
2023,9,Wheat,China,BRL,214.98362146289915
2005,2,Corn,USA,CNY,314.55285015499675
2019,1,Corn,USA,USD,295.05150782978035
2006,8,Soybeans,China,INR,196.8375705684123
2020,3,Corn,USA,USD,314.75807996944206
2006,4,Rice,Brazil,BRL,228.96166974777364
2007,8,Corn,India,USD,116.65044873308723
2012,2,Soybeans,Brazil,INR,329.98550157869107
2005,1,Wheat,India,BRL,455.2215451629301
2007,12,Rice,India,INR,344.89212548143166
2007,8,Soybeans,Brazil,INR,276.47099225953843
2011,3,Wheat,Brazil,CNY,267.9163608973049
2019,4,Corn,India,BRL,294.6480431020741
2007,6,Soybeans,India,INR,203.08015104182127
2002,8,Soybeans,China,CNY,135.51114730252957
2001,7,Corn,Brazil,USD,478.1056052138227
2001,8,Wheat,USA,USD,297.2426389209504
2017,8,Wheat,India,USD,119.93102367017443
2010,4,Rice,China,CNY,491.7956179112187
2019,8,Corn,China,BRL,463.13172614147595
2012,11,Rice,China,BRL,492.97095709149846
2002,5,Wheat,Brazil,BRL,316.28259910442705
2006,1,Rice,USA,INR,378.13087373125273
2006,11,Wheat,Brazil,BRL,63.12947258515299
2008,12,Wheat,India,BRL,302.26546781172965
2006,7,Rice,China,USD,65.21352299560446
2006,2,Corn,China,CNY,269.65881911389397
2016,8,Soybeans,USA,CNY,462.9952074075425
2005,1,Soybeans,India,CNY,404.7994997704032
2003,5,Wheat,USA,CNY,317.5186811151977
2006,5,Soybeans,USA,BRL,264.64986920502133
2022,3,Soybeans,India,CNY,145.79992943373043
2023,10,Soybeans,China,BRL,218.12000910332188
2012,7,Soybeans,Brazil,BRL,146.48989389998218
2011,2,Corn,Brazil,BRL,420.61407801675676
2016,1,Corn,Brazil,INR,442.56189474017816
2017,7,Corn,India,USD,320.07739946257624
2003,6,Wheat,Brazil,USD,397.0815122835199
2016,2,Corn,USA,INR,339.9454362387002
2000,5,Soybeans,Brazil,INR,200.22411198975107
2019,5,Wheat,China,CNY,346.65824357765916
2005,12,Soybeans,USA,USD,83.6397598267782
2018,6,Wheat,Brazil,CNY,225.27098572495075
2010,2,Corn,China,BRL,452.83856185064315
2010,9,Rice,China,BRL,302.6080585786103
2022,9,Soybeans,China,BRL,300.05537605634925
2011,11,Soybeans,India,USD,324.17685347838886
2006,1,Corn,China,USD,128.72327643540905
2022,9,Wheat,India,USD,255.17527786293294
2011,5,Soybeans,USA,CNY,218.36337027626442
2003,7,Soybeans,USA,CNY,90.71365737955382
2021,5,Rice,India,CNY,394.4895719806794
2021,1,Soybeans,Brazil,BRL,446.566419510931
2010,9,Wheat,India,CNY,155.16387335985593
2009,11,Corn,China,CNY,449.07839751571794
2005,4,Rice,USA,CNY,446.6644919499425
2006,6,Wheat,USA,CNY,364.63000705596784
2005,10,Wheat,China,BRL,272.8247629774605
2018,6,Soybeans,USA,CNY,87.67559484244711
2001,8,Soybeans,India,CNY,389.0196981450956
2020,11,Corn,USA,INR,428.6733848488892
2016,11,Rice,Brazil,CNY,463.1091397700645
2010,1,Rice,China,BRL,137.33012990914796
2020,7,Corn,Brazil,INR,191.45836213909251
2003,9,Corn,Brazil,CNY,50.469273515857836
2015,5,Rice,USA,USD,259.48383777071035
2020,12,Soybeans,China,INR,342.09510504098154
2011,12,Soybeans,USA,INR,155.50790042132505
2008,3,Soybeans,India,CNY,405.50174113054936
2006,1,Wheat,China,INR,485.22020865131515
2009,9,Corn,India,INR,125.78013968197028
2011,11,Corn,China,USD,316.4426572959853
2006,7,Rice,China,INR,190.41055160767698
2008,1,Corn,India,USD,352.06042278584914
2018,3,Rice,India,BRL,469.6953021487041
2006,1,Wheat,China,USD,438.5643650266555
2007,1,Corn,USA,USD,112.54348015897719
2003,2,Rice,USA,USD,344.8799267245259
2001,8,Wheat,Brazil,BRL,194.31738239529713
2000,11,Corn,USA,USD,248.83327633503973
2003,5,Soybeans,Brazil,USD,485.62060547874046
2000,2,Wheat,China,INR,281.4992937553919
2014,6,Soybeans,USA,INR,204.26793173761985
2023,9,Rice,Brazil,BRL,485.57595554958345
2016,12,Corn,Brazil,CNY,64.0637653167831
2004,5,Rice,Brazil,USD,105.33797210296709
2012,11,Soybeans,China,USD,200.9539433597078
2013,7,Wheat,India,CNY,319.2922506692181
2015,3,Corn,Brazil,CNY,131.7783845011897
2004,7,Wheat,China,USD,79.0061783148605
2022,2,Corn,Brazil,BRL,396.83192872869523
2012,10,Soybeans,USA,CNY,363.1669056239688
2005,4,Soybeans,China,INR,303.34323374968153
2020,9,Wheat,China,BRL,412.6307281992614
2014,3,Rice,India,BRL,271.4209627829822
2004,10,Wheat,Brazil,CNY,469.22338713069325
2008,6,Rice,Brazil,USD,319.653667691678
2018,3,Rice,Brazil,BRL,463.6292776464696
2013,10,Rice,USA,CNY,349.6702760638556
2009,8,Corn,USA,BRL,118.29324757878813
2013,8,Corn,USA,INR,164.22700233651085
2019,4,Rice,Brazil,BRL,279.14521589652435
2019,8,Rice,USA,CNY,362.04425939140515
2005,3,Corn,USA,BRL,166.53055070197672
2003,4,Wheat,Brazil,USD,328.71081331536925
2008,2,Rice,USA,BRL,336.79441187892456
2011,1,Wheat,China,CNY,408.10686840181734
2003,6,Wheat,Brazil,INR,179.53702079945955
2014,2,Soybeans,USA,INR,363.60859547097306
2023,8,Soybeans,USA,CNY,345.02820679372877
2015,9,Wheat,India,USD,290.9596373208369
2002,12,Soybeans,USA,INR,184.24569160770244
2013,9,Corn,China,INR,119.9386083387084
2010,12,Rice,China,INR,445.7248662676918
2003,11,Rice,China,INR,154.47359411875817
2018,1,Corn,USA,INR,115.53907755929649
2018,9,Rice,Brazil,BRL,362.5625790357859
2013,11,Wheat,India,USD,315.93559483265636
2018,8,Soybeans,China,CNY,83.0930729647113
2021,8,Wheat,China,USD,434.7649102485995
2007,5,Rice,Brazil,CNY,331.4212497852984
2014,2,Rice,China,INR,108.54498082702854
2004,11,Wheat,India,CNY,79.40131605369014
2016,7,Rice,India,BRL,387.43487389857876
2020,3,Rice,China,INR,170.37693729214095
2004,4,Wheat,Brazil,BRL,184.80673389844367
2021,8,Soybeans,India,USD,420.4146667165978
2012,5,Soybeans,Brazil,CNY,185.38676392046878
2008,5,Rice,India,INR,183.36393359277352
2014,12,Wheat,USA,BRL,53.701790291476826
2020,6,Wheat,USA,USD,111.90801154889559
2000,12,Rice,Brazil,INR,390.1074251040867
2014,8,Wheat,Brazil,USD,302.6565229380734
2008,3,Corn,Brazil,USD,173.65100935424653
2014,4,Rice,USA,CNY,52.76319708490316
2023,7,Soybeans,Brazil,BRL,123.3580025621627
2021,8,Wheat,India,USD,165.2703172058567
2020,6,Wheat,China,USD,64.82342898527314
2021,3,Rice,Brazil,BRL,444.4955134497511
2022,11,Rice,India,INR,253.46600948197178
2008,7,Corn,China,INR,93.61079816100427
2010,1,Corn,USA,CNY,203.3671132463437
2002,7,Rice,India,USD,233.64137426164007
2022,4,Corn,Brazil,BRL,162.2655536486774
2019,9,Wheat,USA,INR,153.54546201214896
2018,3,Soybeans,Brazil,BRL,438.01779106388693
2022,8,Wheat,Brazil,CNY,73.89956300705117
2019,7,Soybeans,USA,CNY,82.1281486268718
2007,11,Wheat,USA,USD,427.47398529287875
2002,7,Soybeans,India,INR,150.56004651606963
2001,11,Soybeans,China,USD,322.19312542437456
2012,8,Rice,USA,BRL,279.83426290775867
2018,6,Soybeans,USA,CNY,85.66797897410169
2009,11,Soybeans,China,USD,383.50596531060626
2011,9,Wheat,India,CNY,85.00669474218384
2019,5,Soybeans,USA,INR,448.5309392269734
2007,5,Rice,India,INR,230.74220891213756
2000,4,Wheat,Brazil,CNY,235.89857594456987
2014,9,Wheat,China,INR,110.04073135543311
2015,12,Rice,USA,USD,185.02625735155422
2017,6,Wheat,China,INR,84.6199678197717
2015,11,Soybeans,India,INR,99.24184915591188
2002,4,Corn,Brazil,USD,385.6218027161553
2023,1,Soybeans,Brazil,INR,332.8921870212369
2000,4,Wheat,China,CNY,323.8845710531071
2016,9,Soybeans,USA,BRL,207.47392946180818
2001,3,Soybeans,USA,CNY,478.0298050830691
2023,12,Rice,Brazil,USD,391.0606143849724
2010,12,Wheat,Brazil,CNY,127.32543339335963
2020,3,Soybeans,USA,CNY,444.1089886711789
2020,2,Rice,China,USD,182.76034090880788
2021,6,Wheat,USA,INR,137.56995056056465
2023,10,Wheat,USA,INR,205.198228031491
2019,4,Wheat,USA,INR,54.79843848380003
2016,2,Corn,China,CNY,300.1517442325737
2011,6,Rice,Brazil,USD,453.7200892448063
2008,6,Corn,India,USD,246.06850960951095
2012,2,Rice,USA,CNY,355.356554798973
2001,8,Wheat,USA,CNY,287.61878245636393
2023,2,Rice,China,INR,412.3400791548218
2022,3,Rice,China,USD,230.49220197139255
2010,6,Soybeans,India,BRL,380.9484184786879
2008,12,Corn,India,INR,331.9346671302258
2015,9,Soybeans,China,INR,465.4662329180507
2018,11,Rice,Brazil,INR,243.42970457202378
2000,4,Rice,USA,INR,167.9045452515777
2022,4,Wheat,Brazil,CNY,349.8887322408354
2011,11,Soybeans,China,INR,99.8931521793588
2011,2,Corn,China,USD,78.19119947215593
2005,8,Wheat,Brazil,CNY,144.76050534092735
2000,5,Soybeans,India,INR,105.23233845984933
2001,11,Rice,USA,USD,283.8009648456807
2002,1,Wheat,India,BRL,442.8545682875679
2005,6,Corn,China,BRL,125.4292505553705
2017,11,Soybeans,Brazil,USD,87.20071306662075
2020,2,Soybeans,Brazil,USD,300.76006596417915
2013,2,Corn,India,CNY,317.0241853388672
2007,8,Rice,China,USD,442.15917805036617
2003,6,Soybeans,USA,CNY,383.2186978928518
2013,9,Wheat,Brazil,INR,409.8458332075929
2016,1,Rice,USA,USD,228.18866125692904
2015,9,Rice,India,CNY,180.71340035360907
2020,9,Corn,USA,USD,381.7885155307589
2013,3,Soybeans,USA,INR,296.8728878075294
2016,5,Soybeans,USA,USD,155.50748204697953
2004,1,Corn,USA,BRL,307.6257011370996
2014,8,Wheat,USA,USD,298.2130621566944
2016,8,Soybeans,USA,INR,111.36381142779013
2020,12,Soybeans,China,USD,406.8498136288122
2000,11,Rice,Brazil,USD,149.38760211188867
2006,7,Wheat,India,BRL,448.74856574785616
2013,5,Soybeans,Brazil,INR,462.85876905530347
2023,3,Wheat,China,USD,442.86537617987284
2017,8,Wheat,India,USD,350.26761999427066
2015,10,Soybeans,India,USD,374.5437483845368
2001,3,Corn,Brazil,USD,466.2811790850714
2019,10,Soybeans,India,USD,285.24075288410813
2020,1,Wheat,Brazil,CNY,67.0726175501461
2005,5,Rice,China,INR,463.5629769216409
2014,1,Wheat,China,INR,110.69850296962505
2014,5,Rice,India,USD,79.9112442736652
2023,10,Soybeans,Brazil,CNY,182.8893171844999
2014,9,Wheat,USA,BRL,66.15267337362252
2016,8,Corn,USA,INR,278.35021264742454
2001,10,Rice,China,CNY,84.45725696572532
2012,1,Rice,Brazil,BRL,341.00560461774995
2023,9,Soybeans,Brazil,INR,284.59967480299633
2015,5,Soybeans,Brazil,USD,302.19564439241583
2008,12,Corn,China,BRL,345.8712915456363
2013,9,Rice,USA,USD,171.6157544539842
2023,2,Rice,USA,USD,480.69801832678917
2019,7,Wheat,India,CNY,445.991406101833
2003,4,Soybeans,China,INR,112.19280336576907
2009,10,Wheat,India,BRL,222.14302816938488
2006,3,Wheat,USA,CNY,347.32075088552034
2006,6,Corn,India,INR,367.2990215422671
2013,6,Rice,India,BRL,430.5584935270008
2010,9,Rice,USA,INR,336.9475747242513
2005,7,Corn,India,USD,215.25228984591348
2004,12,Soybeans,India,CNY,239.88944151885573
2016,12,Rice,Brazil,BRL,311.7424229877671
2007,10,Corn,India,USD,282.32845326929436
2000,1,Wheat,USA,USD,376.0777748160406
2022,9,Corn,Brazil,CNY,410.63317641112985
2012,12,Wheat,Brazil,INR,355.2037960847802
2010,7,Wheat,Brazil,USD,470.3863024564852
2004,12,Wheat,USA,INR,384.9007688033853
2008,2,Wheat,USA,CNY,91.65993458559525
2009,2,Soybeans,China,CNY,296.68926558686985
2007,1,Soybeans,India,USD,319.46152908767044
2022,8,Soybeans,USA,INR,426.42934021189717
2006,10,Wheat,India,USD,141.03305580151252
2009,12,Soybeans,USA,BRL,375.72656360779257
2002,10,Rice,China,USD,111.28749977239573
2022,12,Wheat,China,CNY,381.1509689372475
2018,12,Soybeans,India,CNY,460.98673763208717
2005,10,Soybeans,Brazil,INR,284.8850921648211
2004,11,Soybeans,China,BRL,104.74469244744061
2014,12,Soybeans,India,USD,168.76208984118844
2006,9,Corn,USA,BRL,185.90525442256433
2020,7,Rice,Brazil,INR,101.82988871392637
2006,5,Rice,India,INR,60.40957250525015
2000,11,Corn,Brazil,CNY,273.26304445374166
2004,8,Soybeans,China,INR,446.6389436678956
2023,1,Soybeans,India,CNY,50.280093743566646
2011,7,Soybeans,USA,INR,250.91763296428712
2009,10,Corn,USA,BRL,447.42526951809185
2016,3,Soybeans,Brazil,BRL,342.5738812857127
2018,1,Soybeans,USA,USD,188.1272586767914
2002,3,Rice,USA,CNY,324.1743109528894
2013,6,Corn,USA,USD,158.78067278499714
2021,10,Corn,USA,BRL,55.85731602113596
2019,2,Rice,USA,USD,436.03058488396624
2015,7,Rice,USA,USD,179.65336159805875
2008,10,Wheat,China,CNY,294.47870928835846
2020,8,Corn,India,CNY,451.45478643117724
2004,2,Soybeans,Brazil,USD,279.1235529661191
2023,10,Wheat,China,BRL,97.28969814301354
2013,12,Corn,China,CNY,72.48175719793579
2013,10,Rice,China,CNY,388.9570066167527
2007,6,Corn,China,CNY,422.9679139073492
2021,3,Soybeans,USA,CNY,477.43099195008676
2007,11,Rice,USA,INR,435.9575074259871
2019,7,Rice,India,CNY,273.72161134983344
2021,10,Wheat,China,CNY,62.198695112905064
2018,4,Rice,Brazil,BRL,207.24177778473242
2008,6,Soybeans,India,USD,355.4909011553342
2002,6,Rice,China,INR,399.7271532922495
2021,11,Wheat,India,BRL,172.75861227982386
2000,6,Corn,Brazil,INR,411.62038634470935
2010,6,Soybeans,Brazil,CNY,168.25744992530048
2010,2,Rice,China,INR,126.36684941964715
2013,2,Rice,USA,INR,289.0548235148315
2021,2,Wheat,India,USD,438.27507662627517
2003,3,Corn,Brazil,USD,188.0732323213922
2021,11,Soybeans,Brazil,BRL,294.55856671270186
2000,1,Rice,Brazil,BRL,352.73797856845556
2012,11,Wheat,USA,CNY,471.52874325006417
2014,7,Rice,India,CNY,415.91316312708966
2013,1,Soybeans,China,BRL,326.35179352299065
2012,8,Soybeans,USA,CNY,178.10381647666344
2005,3,Corn,China,INR,457.35558268860757
2019,6,Wheat,Brazil,INR,160.75341627503013
2016,1,Corn,Brazil,USD,438.9829358575131
2014,4,Wheat,Brazil,BRL,231.26018828230247
2003,3,Wheat,China,CNY,273.08612354154627
2000,10,Rice,USA,BRL,167.38423936060894
2001,11,Rice,Brazil,CNY,323.0122657510257
2017,10,Soybeans,India,CNY,384.72778813662785
2017,5,Wheat,India,INR,87.21277014158314
2009,9,Wheat,USA,INR,122.84294947760398
2008,6,Wheat,Brazil,CNY,86.99612578017229
2020,9,Corn,India,INR,282.00529530707115
2015,6,Corn,Brazil,CNY,108.02999905220423
2000,12,Rice,USA,CNY,188.94379551509977
2016,4,Corn,USA,USD,382.3732762428667
2008,8,Soybeans,India,CNY,170.36021552698423
2007,10,Rice,China,CNY,280.0658193516615
2010,3,Wheat,Brazil,INR,204.28823328684578
2019,7,Corn,Brazil,INR,167.52186289374725
2011,2,Rice,India,USD,71.86119759947177
2020,8,Corn,India,INR,105.90977337736096
2014,8,Soybeans,China,BRL,388.2627674078484
2001,7,Wheat,Brazil,INR,398.02261247073045
2018,5,Rice,USA,BRL,483.485245721744
2019,7,Corn,China,CNY,454.84097771581975
2015,9,Rice,India,INR,217.82122607359076
2011,11,Soybeans,China,INR,144.53471587212184
2000,5,Wheat,Brazil,INR,167.20836815335008
2021,12,Rice,China,INR,492.21737518390694
2013,2,Rice,India,INR,64.31095814127285
2017,4,Wheat,USA,CNY,241.4788828534319
2004,6,Corn,Brazil,USD,148.6115330021109
2003,10,Corn,India,BRL,436.3645690002609
2001,3,Wheat,USA,CNY,106.52909015131269
2016,2,Corn,USA,INR,67.11969394547592
2022,9,Wheat,Brazil,CNY,352.94348501213693
2019,6,Rice,India,INR,296.8277335878943
2005,4,Corn,USA,INR,231.5776005509884
2017,1,Corn,China,BRL,336.51527797308233
2007,8,Rice,India,CNY,103.27417940314888
2021,4,Corn,China,CNY,425.7190834942484
2001,9,Rice,USA,CNY,224.83793930877346
2013,2,Soybeans,India,USD,344.3708525712257
2014,12,Soybeans,China,BRL,246.5809953323939
2004,10,Soybeans,USA,USD,311.1367953469142
2005,9,Corn,India,INR,150.07465766713074
2020,7,Soybeans,Brazil,USD,250.53487622551285
2006,6,Wheat,Brazil,USD,108.38929750955796
2003,3,Soybeans,China,CNY,120.75530740548946
2007,12,Wheat,Brazil,USD,251.2628325780557
2016,3,Rice,Brazil,INR,65.21632375102774
2001,12,Rice,USA,BRL,158.80846462333773
2020,8,Soybeans,USA,BRL,102.65509708463631
2009,4,Wheat,USA,CNY,224.1244203686822
2011,11,Rice,India,BRL,374.0768627578408
2001,6,Soybeans,USA,USD,372.3790499697603
2019,10,Rice,China,BRL,139.50084980311874
2011,10,Corn,USA,USD,189.79889170407552
2017,8,Corn,USA,USD,106.42936966803161
2009,11,Soybeans,India,INR,424.15638666839396
2011,10,Soybeans,China,BRL,210.2652658514166
2003,2,Rice,USA,INR,237.49686520876975
2005,9,Wheat,USA,INR,66.4251947135109
2006,11,Wheat,India,BRL,351.6248460302066
2017,11,Corn,USA,BRL,351.72459394254406
2013,9,Wheat,India,CNY,324.51205691287595
2006,10,Wheat,USA,CNY,409.4002302776128
2008,2,Rice,USA,BRL,358.63191471809193
2017,5,Wheat,China,CNY,395.06852969775787
2000,12,Corn,India,CNY,440.68662803824117
2023,7,Corn,China,USD,193.3629636701519
2017,8,Soybeans,Brazil,CNY,184.39841886291302
2021,3,Corn,China,USD,464.3135762884717
2017,8,Rice,China,BRL,375.6306255427275
2011,9,Corn,China,BRL,475.85033377360924
2007,12,Soybeans,India,CNY,456.05746603093615
2020,10,Corn,China,INR,246.02646497553002
2013,5,Soybeans,India,BRL,344.2360003017195
2022,2,Rice,Brazil,USD,294.2845166212352
2010,3,Rice,India,CNY,320.31381323157086
2015,1,Soybeans,Brazil,INR,491.45231909478656
2002,8,Wheat,China,INR,493.93270937574715
2017,8,Rice,India,BRL,332.4481009487831
2016,8,Soybeans,Brazil,USD,317.69637369119175
2013,3,Rice,USA,USD,195.92136833745028
2018,2,Rice,Brazil,INR,223.5093337935613
2018,4,Wheat,India,USD,396.0485455629505
2023,4,Soybeans,Brazil,BRL,436.2609953909688
2001,9,Wheat,India,BRL,361.6343388492068
2005,10,Wheat,China,USD,282.59046407608105
2022,2,Wheat,India,USD,214.0899453627437
2003,11,Wheat,India,USD,449.0751900195445
2002,5,Corn,Brazil,BRL,60.65744192599592
2001,2,Corn,India,USD,72.56094621131966
2000,3,Wheat,China,INR,147.75809047825123
2020,2,Soybeans,USA,BRL,236.586437808738
2009,1,Wheat,China,USD,218.2949696274289
2007,8,Rice,Brazil,BRL,349.8680273448152
2022,5,Soybeans,China,INR,459.65204856076633
2001,6,Rice,India,BRL,76.28105440186123
2009,4,Rice,China,BRL,186.7097865873842
2008,4,Corn,USA,CNY,117.9164258051078
2022,1,Soybeans,USA,USD,110.69542905933955
2017,5,Wheat,Brazil,USD,482.66719180829483
2003,10,Rice,Brazil,USD,486.15637390785105
2021,10,Rice,India,USD,301.6458716049939
2009,10,Soybeans,USA,BRL,224.1890037462274
2017,10,Corn,Brazil,INR,292.9422653421026
2011,2,Rice,India,INR,278.83075365996
2009,5,Rice,Brazil,USD,61.25199037918263
2006,10,Rice,Brazil,CNY,346.3455605111652
2006,4,Soybeans,China,USD,299.1044063972852
2015,9,Rice,USA,USD,250.26516309525672
2018,9,Corn,India,USD,327.45124389304533
2012,2,Wheat,India,USD,271.31013604907935
2013,5,Corn,Brazil,INR,324.03736332794534
2009,9,Wheat,India,BRL,409.78821091463544
2014,3,Soybeans,India,USD,63.801472902208175
2004,2,Rice,India,CNY,65.09162142441507
2003,1,Corn,India,INR,291.91959721881784
2019,1,Corn,China,CNY,381.10941119420727
2019,1,Soybeans,USA,CNY,174.50455205575176
2001,8,Soybeans,India,BRL,208.24842202929347
2015,5,Wheat,Brazil,INR,182.37448766143913
2015,1,Rice,India,USD,211.88745362934995
2007,5,Soybeans,Brazil,CNY,334.07002223629985
2015,5,Soybeans,Brazil,INR,422.3917279483905
2005,6,Wheat,China,BRL,268.987699959956
2005,6,Corn,India,USD,441.1306261616531
2014,4,Soybeans,India,CNY,445.80342778715243
2004,12,Rice,USA,BRL,361.3829763429773
2023,9,Soybeans,USA,BRL,289.204339075278
2007,2,Corn,India,USD,102.54890425261897
2003,2,Rice,China,CNY,62.49163794129618
2015,5,Wheat,China,BRL,379.98037145349497
2018,11,Rice,USA,BRL,434.7223261531832
2003,4,Soybeans,China,INR,122.25566668819879
2006,6,Soybeans,China,BRL,177.30245462511868
2004,2,Corn,China,INR,475.09951751345454
2001,2,Soybeans,India,BRL,353.8245546804495
2007,2,Corn,USA,CNY,403.6015981481062
2007,1,Rice,USA,BRL,430.50934052327426
2017,6,Corn,China,INR,268.37158313371197
2006,1,Soybeans,USA,INR,166.7143959555172
2002,3,Wheat,Brazil,USD,449.0632598543309
2007,1,Soybeans,USA,USD,407.9012759997669
2019,9,Soybeans,India,USD,419.3425167200199
2023,3,Wheat,USA,INR,213.69839157971882
2013,4,Rice,India,CNY,241.5549787163366
2012,4,Wheat,Brazil,INR,355.26170371670025
2002,7,Wheat,India,CNY,304.3398911059412
2005,1,Rice,China,USD,350.1920091423207
2001,5,Wheat,USA,USD,336.03205050829257
2006,3,Wheat,USA,CNY,310.83804177145254
2014,7,Rice,Brazil,BRL,458.12163648655417
2012,8,Corn,China,BRL,133.41409715472662
2022,7,Rice,USA,INR,477.10261950268534
2010,12,Wheat,China,INR,321.54723509656577
2011,6,Soybeans,Brazil,CNY,141.36558318937074
2000,4,Rice,India,CNY,235.28906854524627
2011,9,Rice,India,USD,425.0349029341715
2004,1,Corn,USA,BRL,293.91238590291334
2004,9,Wheat,USA,BRL,104.45228761428045
2015,3,Rice,India,CNY,80.4837960132766
2013,12,Wheat,Brazil,CNY,70.43497618603453
2001,3,Wheat,USA,CNY,349.9441370867697
2015,7,Soybeans,Brazil,BRL,490.06452505474766
2010,3,Rice,China,CNY,299.1483983805972
2023,7,Corn,Brazil,CNY,262.4463745292289
2010,12,Rice,India,CNY,342.02470160197515
2004,4,Rice,India,USD,263.4503434170319
2022,10,Soybeans,China,INR,442.9107886702742
2005,7,Wheat,China,USD,388.2861017000953
2020,8,Rice,India,USD,319.2559048130793
2022,6,Rice,Brazil,USD,109.19085808496541
2019,11,Wheat,Brazil,CNY,287.14529735782776
2012,12,Corn,China,USD,245.35625810378903
2002,10,Wheat,USA,CNY,250.97831548707282
2006,4,Corn,USA,BRL,355.35078026144197
2008,4,Rice,India,CNY,159.07110641847945
2017,5,Wheat,USA,USD,318.89393669294776
2000,11,Corn,USA,CNY,56.17178007273627
2000,5,Soybeans,USA,BRL,251.0679853088988
2004,9,Wheat,Brazil,BRL,134.0400874726297
2018,12,Wheat,Brazil,INR,125.1184825833996
2016,4,Corn,USA,INR,242.1586812426088
2011,11,Rice,Brazil,INR,304.27304517074907
2001,9,Wheat,China,BRL,126.83718426406753
2012,1,Corn,USA,BRL,68.42570416877764
2000,7,Soybeans,USA,USD,243.73830790350868
2006,6,Rice,USA,CNY,182.9333003891344
2022,1,Corn,Brazil,BRL,353.75712305689507
2006,7,Corn,USA,USD,181.8375505459869
2023,8,Wheat,Brazil,CNY,312.81348937447723
2015,12,Soybeans,India,BRL,214.17229128151743
2015,8,Soybeans,Brazil,BRL,215.92781022411648
2004,9,Soybeans,India,INR,104.36562491887898
2018,6,Rice,USA,USD,296.23523514763605
2009,9,Rice,India,CNY,92.01758412973541
2003,2,Rice,Brazil,BRL,372.525103679238
2011,6,Corn,India,BRL,333.03054239762423
2000,11,Rice,India,CNY,467.8941101226062
2017,12,Corn,Brazil,BRL,417.5804805168122
2001,12,Corn,India,USD,193.48015438942622
2021,4,Soybeans,India,BRL,485.2609720602291
2005,6,Wheat,Brazil,INR,128.23414580821384
2005,9,Wheat,Brazil,USD,120.58304340710953
2001,3,Soybeans,India,USD,404.995849954552
2005,8,Soybeans,China,USD,141.4620194900471
2011,11,Rice,India,CNY,444.2648654341468
2015,3,Rice,Brazil,USD,292.73297895715234
2009,8,Rice,China,USD,343.9221373474374
2010,8,Wheat,China,INR,276.0583709541762
2021,2,Soybeans,USA,INR,260.3945307163507
2019,7,Wheat,India,BRL,335.6956921029948
2017,9,Wheat,India,CNY,453.78486099648205
2023,7,Corn,USA,INR,212.81033889022498
2010,4,Rice,China,CNY,459.07566264443466
2003,7,Soybeans,Brazil,CNY,419.10314805728166
2017,7,Rice,USA,CNY,137.66139299940207
2004,2,Wheat,India,INR,408.3144832118471
2002,8,Soybeans,China,USD,258.5756890457583
2018,5,Corn,China,USD,199.80443578502815
2022,11,Soybeans,Brazil,USD,366.4208203696278
2007,11,Soybeans,Brazil,INR,128.72769912321922
2017,2,Rice,USA,USD,106.59568540418167
2014,8,Soybeans,India,CNY,199.69533595403576
2007,10,Rice,India,USD,246.40645910946049
2020,7,Rice,Brazil,BRL,136.72174546304038
2022,8,Rice,India,CNY,481.64084217376643
2005,10,Soybeans,Brazil,USD,383.9660050849367
2015,11,Wheat,USA,INR,222.39781503038978
2004,10,Rice,USA,INR,167.26073257454954
2014,10,Rice,USA,CNY,193.7344762865992
2005,3,Rice,India,INR,54.59565974273707
2002,7,Soybeans,India,BRL,482.1918560026998
2023,1,Corn,USA,USD,59.81637873243662
2023,1,Soybeans,India,INR,484.97743490117364
2011,6,Wheat,Brazil,CNY,333.7909953352194
2004,4,Rice,USA,INR,328.52619292978966
2000,11,Corn,USA,INR,252.43093778016615
2004,4,Corn,USA,INR,302.405365253162
2016,5,Rice,China,USD,89.52922340901785
2004,8,Rice,India,BRL,222.90187763323516
2004,12,Wheat,USA,INR,316.462025657266
2018,11,Rice,Brazil,BRL,287.2988442963741
2015,7,Soybeans,India,BRL,165.25955889365295
2005,5,Corn,USA,INR,250.06509773763855
2010,2,Wheat,USA,INR,374.4805122271989
2011,5,Soybeans,India,CNY,300.0444670962705
2008,7,Corn,India,BRL,154.5832609458056
2000,1,Wheat,USA,USD,110.69035975935842
2021,1,Soybeans,Brazil,CNY,209.7275990645076
2015,3,Soybeans,Brazil,USD,260.6658044030836
2013,7,Rice,India,CNY,312.95410523401523
2016,7,Soybeans,China,CNY,431.4337065875053
2006,1,Soybeans,China,BRL,195.64793437560567
2018,2,Corn,China,CNY,188.32360339618367
2018,3,Soybeans,China,INR,361.74015109688764
2015,1,Soybeans,Brazil,BRL,376.09319197484166
2023,6,Wheat,India,BRL,401.67648818900426
2018,6,Rice,India,INR,137.10781980551343
2012,3,Corn,Brazil,CNY,55.88078931335503
2008,1,Rice,Brazil,INR,272.28054765763216
2010,6,Wheat,India,BRL,417.4034723075506
2023,9,Wheat,USA,USD,387.96590784353765
2012,11,Corn,Brazil,CNY,179.7633487156116
2015,1,Wheat,China,CNY,65.47395864244542
2000,3,Corn,India,BRL,472.49150076032146
2020,1,Wheat,USA,CNY,263.27051978537986
2021,3,Corn,USA,CNY,496.5420490618625
2006,10,Corn,USA,USD,418.8726792926243
2023,9,Soybeans,Brazil,USD,293.5615322338639
2006,1,Soybeans,USA,BRL,302.82559878241784
2004,7,Soybeans,USA,CNY,409.2981280799821
2010,3,Corn,China,USD,119.229173476071
2004,7,Rice,India,BRL,332.1262942538801
2002,4,Soybeans,Brazil,INR,259.4040170702055
2008,4,Corn,Brazil,BRL,206.25998486294944
2002,5,Corn,China,BRL,410.99282479811546
2000,10,Rice,India,INR,408.39659786192055
2004,2,Wheat,USA,CNY,422.5441744102681
2020,2,Rice,Brazil,CNY,434.5829962120527
2014,9,Soybeans,China,BRL,499.02177492521764
2010,2,Wheat,Brazil,INR,93.34419685064591
2021,7,Rice,Brazil,BRL,415.7822030593964
2012,6,Soybeans,USA,USD,441.11438161416646
2011,6,Rice,China,INR,96.04783370975218
2008,7,Rice,China,USD,208.7901806926374
2015,4,Rice,USA,CNY,341.4128556030556
2004,12,Rice,Brazil,CNY,133.36017735571312
2000,12,Soybeans,India,USD,196.43911389772808
2014,4,Corn,USA,BRL,497.772140965534
2012,1,Rice,Brazil,USD,268.88775813048153
2002,3,Wheat,China,CNY,273.34129621243164
2023,4,Corn,China,USD,473.48285552666607
2018,7,Soybeans,India,INR,52.80876458719267
2002,5,Rice,China,CNY,449.6550876171628
2015,4,Rice,China,USD,211.2002508072126
2002,5,Corn,USA,INR,164.47903566912862
2006,7,Rice,USA,CNY,54.497070262920616
2005,12,Rice,India,INR,439.46089059103787
2008,7,Corn,Brazil,CNY,88.91128927372714
2010,2,Soybeans,India,INR,466.0774996784324
2000,1,Soybeans,USA,CNY,471.6161485164357
2014,11,Rice,China,BRL,139.2093019868141
2007,9,Corn,USA,USD,403.2989728605481
2015,6,Corn,China,USD,155.52348424561887
2010,1,Corn,Brazil,USD,253.65196850989827
2021,2,Wheat,India,USD,177.94416550251955
2007,1,Corn,USA,BRL,155.3568660770979
2007,10,Corn,China,BRL,80.88332531592579
2021,12,Wheat,India,INR,223.93878125411126
2006,2,Wheat,USA,INR,338.9938271468543
2009,4,Soybeans,China,CNY,274.277146186893
2008,10,Rice,India,USD,363.84395950827843
2001,6,Soybeans,India,CNY,446.5920625559527
2010,8,Soybeans,Brazil,USD,181.87502997991328
2002,12,Wheat,India,BRL,203.0093408247766
2008,12,Wheat,India,USD,94.0696652625924
2022,5,Rice,USA,USD,103.315184678762
2017,7,Corn,Brazil,CNY,349.6595845974352
2023,10,Soybeans,USA,CNY,448.95232247834946
2002,6,Soybeans,India,CNY,381.2572247002004
2016,8,Wheat,USA,CNY,203.46264926190256
2000,11,Corn,USA,BRL,115.46802208382421
2007,3,Wheat,China,BRL,476.5654792731243
2000,9,Rice,Brazil,USD,257.3004172808761
2014,9,Soybeans,India,BRL,113.46097647749818
2019,5,Soybeans,India,INR,282.3309097690084
2001,11,Soybeans,China,BRL,370.4923293946373
2006,11,Corn,USA,CNY,254.7575748505134
2016,10,Soybeans,Brazil,BRL,173.82228329345352
2010,1,Soybeans,India,INR,392.840283438228
2002,9,Rice,India,BRL,492.2415387812329
2017,2,Soybeans,Brazil,INR,441.97167764449114
2014,1,Soybeans,India,USD,250.97370822234544
2018,10,Soybeans,India,INR,408.3786032434113
2014,6,Corn,China,USD,460.1504817199289
2001,9,Wheat,India,USD,445.4192188884104
2012,6,Wheat,USA,CNY,339.9931254433186
2002,10,Corn,India,INR,255.74082395168026
2019,11,Corn,USA,INR,305.59580884995245
2007,3,Rice,Brazil,BRL,410.3697049118889
2019,9,Rice,USA,BRL,95.25895830174363
2012,4,Wheat,China,INR,208.59067756969563
2007,6,Wheat,USA,USD,373.12983090710856
2023,8,Soybeans,China,USD,136.87997776063102
2018,9,Wheat,China,BRL,235.84927413973892
2004,11,Corn,China,BRL,90.06209313886698
2001,11,Wheat,China,BRL,223.5662199150986
2012,12,Wheat,USA,BRL,484.89150048895914
2010,8,Wheat,Brazil,USD,462.12873252948367
2009,12,Wheat,India,BRL,375.35737473424564
2010,3,Soybeans,Brazil,INR,430.2904490275565
2019,7,Wheat,China,INR,76.70985076288676
2011,1,Soybeans,India,BRL,201.6373774404991
2011,11,Wheat,China,USD,436.6623221951877
2022,4,Rice,China,CNY,108.45011632223057
2011,12,Corn,Brazil,USD,378.30827077942877
2006,1,Wheat,India,INR,137.01301460922616
2018,11,Wheat,India,BRL,242.2593422687921
2004,9,Rice,China,USD,294.37910515892673
2000,9,Corn,China,USD,296.08226887178375
2021,9,Wheat,India,BRL,208.1251702877901
2000,1,Soybeans,India,BRL,484.18069509885385
2007,11,Wheat,India,BRL,453.0748283636783
2000,7,Soybeans,China,INR,418.41499688828463
2014,1,Wheat,India,INR,274.2687006686894
2023,5,Rice,USA,BRL,464.2804511591388
2021,10,Wheat,USA,USD,395.18048338149896
2009,10,Wheat,India,USD,141.91141077605138
2005,8,Soybeans,USA,INR,102.029116379631
2014,3,Rice,USA,USD,452.0774263476909
2004,11,Wheat,China,INR,180.26235906415272
2004,10,Rice,Brazil,CNY,79.62566378167276
2003,12,Rice,Brazil,INR,177.84204439898878
2020,8,Soybeans,Brazil,USD,167.1246743025136
2018,6,Wheat,India,INR,119.74654282702971
2016,4,Wheat,India,INR,258.4011712289368
2003,3,Rice,Brazil,INR,209.2729643018203
2020,2,Corn,India,INR,118.5267758969143
2000,6,Corn,India,INR,377.73386620082556
2015,3,Wheat,India,INR,75.00028854520139
2023,4,Corn,China,USD,292.15712672232394
2012,9,Wheat,USA,INR,368.72864067493066
2018,7,Corn,India,BRL,399.35573217586364
2001,11,Corn,India,CNY,297.4082656544432
2018,1,Wheat,Brazil,BRL,475.7100484847711
2002,6,Wheat,China,BRL,466.7089230757258
2006,5,Rice,China,INR,498.75911177396347
2009,3,Wheat,India,CNY,431.59329777448824
2014,11,Soybeans,China,BRL,295.9897912931226
2006,4,Corn,USA,BRL,444.6923965986775
2012,6,Rice,Brazil,USD,279.4851755710961
2011,11,Wheat,China,BRL,101.86815105209564
2000,2,Soybeans,Brazil,USD,104.93256243456537
2009,1,Soybeans,China,USD,146.815364552407
2018,1,Corn,USA,BRL,104.9220678312694
2000,12,Rice,Brazil,BRL,186.38890128619664
2005,2,Soybeans,USA,USD,69.62058158293854
2002,5,Wheat,India,CNY,382.50943231406205
2004,11,Corn,India,BRL,56.796863715257274
2017,12,Rice,Brazil,BRL,248.39003938515293
2014,11,Corn,China,BRL,457.5744847995447
2009,10,Corn,India,USD,400.2141649025721
2002,10,Wheat,USA,INR,66.978275968833
2021,2,Soybeans,USA,CNY,438.02696633274377
2013,2,Soybeans,India,BRL,90.29830763831578
2003,10,Rice,USA,BRL,124.4753428628674
2015,10,Soybeans,USA,INR,197.27534849148392
2016,12,Corn,India,INR,250.397040016019
2022,4,Wheat,Brazil,CNY,55.80369637534953
2005,4,Rice,China,CNY,302.4994722474673
2000,2,Corn,India,BRL,319.06331065519447
2005,8,Corn,China,USD,91.4052780703039
2005,12,Soybeans,China,BRL,409.54409066495936
2002,10,Wheat,China,CNY,277.7881742668717
2000,2,Wheat,India,INR,252.94646730165516
2007,5,Corn,USA,INR,58.40741153024765
2007,7,Corn,India,CNY,368.6024134643265
2007,6,Soybeans,USA,CNY,249.1613044224313
2004,10,Rice,USA,CNY,182.79412696765985
2010,8,Rice,India,CNY,436.5542387057583
2012,10,Wheat,China,INR,86.46088561733427
2005,10,Wheat,USA,BRL,245.08625696583113
2016,6,Soybeans,Brazil,BRL,119.62885942459326
2012,10,Corn,India,USD,403.64142245512664
2018,6,Rice,USA,INR,231.30262595652755
2020,9,Soybeans,India,INR,193.6546465521347
2008,2,Rice,Brazil,BRL,200.15151236045332
2009,12,Rice,USA,BRL,433.7716027285628
2004,3,Soybeans,China,INR,307.24692508162525
2003,12,Soybeans,Brazil,CNY,236.37512068652777
2018,4,Wheat,USA,INR,181.9222796061857
2021,2,Wheat,USA,INR,276.4322874924863
2011,12,Wheat,Brazil,CNY,427.3865975910074
2020,10,Rice,India,USD,67.23691833927933
2018,6,Soybeans,Brazil,INR,89.77559738853927
2002,1,Corn,Brazil,BRL,176.0296106152296
2019,12,Wheat,USA,INR,170.39715900571235
2005,4,Soybeans,Brazil,INR,325.291345349879
2003,4,Wheat,Brazil,INR,364.9457386592194
2016,10,Rice,USA,INR,128.05036871655665
2007,4,Corn,India,INR,279.9373123656044
2003,3,Rice,Brazil,INR,247.9981310306854
2014,5,Soybeans,Brazil,USD,111.91021818744842
2004,8,Soybeans,China,BRL,323.23293364905663
2022,5,Corn,China,USD,131.73476769087927
2020,1,Wheat,China,INR,138.06461672831855
2013,9,Corn,India,INR,174.8892780301316
